Workbook

Sheet Overview
A1: Gap Analysis Tasks — Nexus Platform
A2: Nguồn: docs/research/mandatory-features-gap-analysis-2026-08-24.md (đã review bởi code-reviewer agent, mọi claim xác minh bằng source)
A3: Import: 2026-08-24 · 20 task (P0 × 4, P1 × 9, P2 × 7) · Nguồn sự thật là sheet Master
A5: Nhóm | B5: Tổng | C5: Todo | D5: In Progress | E5: Review | F5: Done | G5: Blocked
A6: P0 | B6: =COUNTIF(Master!$D:$D,$A6) -> 4 | C6: =COUNTIFS(Master!$D:$D,$A6,Master!$F:$F,"Todo") -> 3 | D6: =COUNTIFS(Master!$D:$D,$A6,Master!$F:$F,"In Progress") -> 0 | E6: =COUNTIFS(Master!$D:$D,$A6,Master!$F:$F,"Review") -> 0 | F6: =COUNTIFS(Master!$D:$D,$A6,Master!$F:$F,"Done") -> 1 | G6: =COUNTIFS(Master!$D:$D,$A6,Master!$F:$F,"Blocked") -> 0
A7: P1 | B7: =COUNTIF(Master!$D:$D,$A7) -> 9 | C7: =COUNTIFS(Master!$D:$D,$A7,Master!$F:$F,"Todo") -> 8 | D7: =COUNTIFS(Master!$D:$D,$A7,Master!$F:$F,"In Progress") -> 0 | E7: =COUNTIFS(Master!$D:$D,$A7,Master!$F:$F,"Review") -> 0 | F7: =COUNTIFS(Master!$D:$D,$A7,Master!$F:$F,"Done") -> 1 | G7: =COUNTIFS(Master!$D:$D,$A7,Master!$F:$F,"Blocked") -> 0
A8: P2 | B8: =COUNTIF(Master!$D:$D,$A8) -> 7 | C8: =COUNTIFS(Master!$D:$D,$A8,Master!$F:$F,"Todo") -> 6 | D8: =COUNTIFS(Master!$D:$D,$A8,Master!$F:$F,"In Progress") -> 1 | E8: =COUNTIFS(Master!$D:$D,$A8,Master!$F:$F,"Review") -> 0 | F8: =COUNTIFS(Master!$D:$D,$A8,Master!$F:$F,"Done") -> 0 | G8: =COUNTIFS(Master!$D:$D,$A8,Master!$F:$F,"Blocked") -> 0
A9: Tổng | B9: =SUM(B6:B8) -> 20 | C9: =SUM(C6:C8) -> 17 | D9: =SUM(D6:D8) -> 1 | E9: =SUM(E6:E8) -> 0 | F9: =SUM(F6:F8) -> 2 | G9: =SUM(G6:G8) -> 0

Sheet Master
A1: ID | B1: Tên task | C1: Mô tả vấn đề | D1: Priority | E1: Category | F1: Status | G1: Assignee | H1: Hạn dự kiến | I1: Evidence / Tham chiếu | J1: Acceptance / Phạm vi | K1: Ghi chú
A2: GA-01 | B2: Fix luồng quên mật khẩu (chuyển sang emailOTP flow + tạo trang reset) | C2: Người dùng quên mật khẩu hiện không thể tự lấy lại tài khoản: UI gọi sendResetPassword nhưng server không có endpoint đó (RESET_PASSWORD_DISABLED), buộc phải nhờ supporter xử lý thủ công. | D2: P0 | E2: Account | F2: Done | I2: `auth.ts:117-121` (thiếu sendResetPassword → RESET_PASSWORD_DISABLED); `forgot-password/page.tsx:35-38`; `password.mjs:42-46` | J2: UI gọi `emailOtp.requestPasswordReset` + trang nhập OTP + mật khẩu mới; không đụng DB | K2: Server đã có sẵn OTP reset flow (`auth.ts:30-35`)
A3: GA-02 | B3: Xác minh code + chốt intake flow (case kẹt `intake_ready` khi thanh toán trước khi nộp) | C3: Case thanh toán trước khi nộp hồ sơ có thể kẹt vĩnh viễn ở trạng thái intake_ready thay vì chuyển submitted — người dùng đã trả tiền nhưng hồ sơ không tiến triển; flow intake còn 5 câu hỏi mở (Q1–Q5) chưa chốt. | D3: P0 | E3: UX | F3: Todo | I3: `docs/flows/intake-flow.md` ⚠; `docs/research/brainstorm-2026-08-21-flow-confusion-intake-payment-credit.md` | J3: Verify `intake_ready` trong `case-transition.service.ts` → chốt Q1–Q5 → case đã trả tiền phải lên được `submitted` | K3: Cần quyết định Q1–Q5; PR #19 chưa merge; bằng chứng ở tầng tài liệu — phải xác minh code trước
A4: GA-03 | B4: Rate limit + lockout đăng nhập | C4: Không có rate limit cho sign-in (chỉ có cho OTP) và không có lockout theo tài khoản — mật khẩu có thể bị brute-force. | D4: P0 | E4: Security | F4: Todo | I4: `index.ts` (không có rate limiter); `auth.ts:164-165` (chỉ rate limit OTP) | J4: Rate limit global/IP cho sign-in + lockout 3–5 lần sai đếm theo tài khoản | K4: OWASP Authentication Cheat Sheet
A5: GA-04 | B5: Xóa tài khoản / yêu cầu xóa dữ liệu cá nhân | C5: Không có endpoint xóa tài khoản ở tầng app (admin chỉ có ban/unban) — vi phạm NĐ 13/2023/NĐ-CP: người dùng có quyền yêu cầu xóa dữ liệu cá nhân trong 72h. | D5: P0 | E5: Legal | F5: Todo | I5: `admin.routes.ts:48-50` (chỉ ban/unban); không có endpoint delete user tầng app | J5: Endpoint xóa tài khoản xử lý cascade (case/wallet/deposit) HOẶC quy trình yêu cầu xóa thủ công trong 72h | K5: NĐ 13/2023/NĐ-CP — quyền xóa trong 72h
A6: GA-05 | B6: Avatar upload | C6: Nút Đổi ảnh trong profile chỉ hiện toast đang phát triển — không có UI upload ảnh lẫn API update image; người dùng không cá nhân hóa được hồ sơ. | D6: P1 | E6: Account | F6: Todo | I6: `ProfileInfoForm.tsx:45-51` (nút "Đổi ảnh" chỉ toast "đang phát triển") | J6: UI upload ảnh + endpoint update image tầng app | K6: Không có API update image hiện tại
A7: GA-06 | B7: UI quản lý session/thiết bị | C7: Session model đã lưu ip_address/user_agent nhưng không có trang liệt kê phiên đăng nhập, chỉ có nút revoke other sessions ẩn — người dùng không kiểm soát được thiết bị đang đăng nhập. | D7: P1 | E7: Security | F7: Todo | I7: `settings-nav.ts:9-12` (chỉ 2 mục); `useProfileMutations.ts:36` (chỉ revokeOtherSessions ẩn) | J7: Trang liệt kê session (ip/user_agent) + revoke từng session | K7: Session model đã có ip_address/user_agent (`auth.ts:86-87`)
A8: GA-07 | B8: Chính sách session timeout (absolute/idle) | C8: Session config của Better Auth chỉ map fields cơ bản, không có expiresIn/inactivity policy — phiên đăng nhập có thể tồn tại vô hạn, tăng rủi ro khi thiết bị bị chiếm. | D8: P1 | E8: Security | F8: Done | I8: `auth.ts:79-90` (session config chỉ map fields) | J8: Cấu hình expiresIn/inactivity policy cho Better Auth | K8: OWASP Session Management
A9: GA-08 | B9: Notification preferences | C9: Không có trang/endpoint tùy chỉnh notification preference — người dùng không chọn được loại thông báo và kênh (in-app/email/Telegram), dễ bị notification fatigue. | D9: P1 | E9: Notification | F9: Todo | I9: Không có trang/endpoint preference; settings-nav chỉ 2 mục | J9: Bật/tắt thông báo theo loại + kênh (in-app/email/Telegram) | K9: Tránh notification fatigue
A10: GA-09 | B10: Pagination/search server-side cho case list + admin cases | C10: List case và list admin cases trả toàn bộ dữ liệu không phân trang, không search, không sort server-side — UI/API sẽ vỡ khi số case tăng. | D10: P1 | E10: Admin | F10: Todo | I10: `list-cases.usecase.ts:3-5` (findManyCasesByRole không pagination/search); `list-admin-cases.usecase.ts:13-39` (chỉ stage/internal_status/limit) | J10: Offset/page + text search (case_code, tên) + sort server-side | K10: Sẽ vỡ khi số case tăng
A11: GA-10 | B11: Export CSV/Excel cho admin | C11: Không có endpoint export và chưa có thư viện csv/xlsx — admin không xuất được dữ liệu case/deposit/transactions để đối soát. | D11: P1 | E11: Admin | F11: Todo | I11: Không có endpoint export, không có thư viện csv/xlsx | J11: Export danh sách case/deposit/transactions theo filter | K11: Phục vụ đối soát
A12: GA-11 | B12: User-facing data export | C12: Không có endpoint download my data — người dùng không tự lấy được dữ liệu cá nhân của mình; NĐ 13/2023 Điều 9 quy định quyền truy cập/cung cấp dữ liệu. | D12: P1 | E12: Legal | F12: Todo | I12: Không có endpoint "download my data" | J12: Người dùng tự tải dữ liệu cá nhân của mình | K12: NĐ 13/2023 Điều 9 — quyền truy cập/cung cấp dữ liệu
A13: GA-12 | B13: ToS/Privacy Policy thật + ghi nhận consent | C13: Checkbox đồng ý terms trong AuthPanel không link tới văn bản ToS/Privacy thật và không lưu phiên bản consent — thiếu căn cứ pháp lý xử lý dữ liệu theo NĐ 13/2023. | D13: P1 | E13: Legal | F13: Todo | I13: `AuthPanel.tsx:417-424` (checkbox terms không link văn bản) | J13: Trang ToS/Privacy thật + link từ checkbox + lưu phiên bản consent | K13: NĐ 13/2023 — căn cứ pháp lý xử lý dữ liệu
... A16: GA-15 | B16: Policy credit mở: hết hạn / refund / chuyển credit | C16: Chưa chốt policy vòng đời credit (hết hạn, refund, chuyển credit giữa user) — rủi ro tranh chấp khi credit biến mất hoặc không dùng được. | D16: P2 | E16: Wallet | F16: Todo | I16: `docs/backlog/credit-du-tru-account-level.md` §7 | J16: Chốt: credit hết hạn không? refund policy? chuyển credit giữa user? | K16: Open questions — cần quyết định
A17: GA-16 | B17: Taxonomy chưa khóa: lý do đóng case, auto-priority, giới hạn gói free team-fit | C17: Chưa có danh sách lý do đóng case chuẩn, chưa có rule auto-priority, chưa giới hạn số lần dùng gói free team-fit — admin xử lý case không nhất quán. | D17: P2 | E17: Admin | F17: Todo | I17: `docs/flows/case-lifecycle-flow.md`, `admin-triage-and-assignment-flow.md`, `team-fit-flow.md` | J17: Chốt danh sách lý do đóng case + rule auto-priority + số lần tối đa gói free
A18: GA-17 | B18: CSRF tầng app + hạ tầng rate limit bền vững | C18: Webhook SePay không rate limit; idempotency và message rate limit dùng in-memory (mất khi restart/multi-instance); CSRF tầng app chưa xử lý — hạ tầng bảo mật không bền khi scale. | D18: P2 | E18: Security | F18: Todo | I18: `sepay.routes.ts:7` (webhook không rate limit); `index.ts:78` (idempotency memoryStore); `message-send-rate-limit.ts:2` (in-memory) | J18: CSRF middleware/xác nhận SameSite; rate limit SePay webhook; idempotency + rate limit không mất khi restart (multi-instance)
A19: GA-18 | B19: Cleanup deprecated + dead code | C19: Schema còn 2 model @deprecated (WalletTopup, Payment), dead code deposit (trang payments redirect, useMyPayments/PaymentHistoryList không ai import) và RESEND_API_KEY fail-fast cứng — codebase chở hàng chết. | D19: P2 | E19: Infra | F19: In Progress | I19: `schema.prisma` (@deprecated WalletTopup/Payment); `payments/page.tsx:9-11` (redirect); useMyPayments/PaymentHistoryList không import | J19: Archive 2 model deprecated; bỏ dead code deposit; xử lý RESEND_API_KEY fail-fast cứng | K19: Đã bổ sung cleanup dead code đã xác minh; code review PASS; `npm run check-types` PASS. Phần archive Prisma/RESEND giữ nguyên, cần xử lý riêng.
A20: GA-19 | B20: Chat unread-per-user | C20: Chat hiển thị tổng số tin nhắn thay vì unread-per-user — người dùng không biết tin nào mới, dễ bỏ sót phản hồi. | D20: P2 | E20: Chat | F20: Todo | I20: `case/[id]/page.tsx:113` (messages?.length = tổng số tin) | J20: Unread count theo user thay vì tổng số tin | K20: Nice-to-have
A21: GA-20 | B21: Backup tự động (scheduled + RPO) | C21: Backup DB chỉ là guide thủ công, không scheduled, không RPO, không test restore — hệ thống giữ dữ liệu tài chính, mất dữ liệu là thảm họa. | D21: P2 | E21: Infra | F21: Todo | I21: `docs/db-backup-guide.md` (chỉ guide thủ công) | J21: Scheduled pg_dump + RPO rõ ràng + test restore | K21: Hệ thống giữ dữ liệu tài chính

Sheet Execution Order
A1: Execution Order (khuyến nghị)
A3: 1. GA-01 — fix quên mật khẩu (impact lớn nhất, fix nhỏ nhất, không đụng DB).
A4: 2. GA-02 — xác minh code trạng thái `intake_ready` → chốt intake flow (cần quyết định Q1–Q5).
A5: 3. GA-03 — rate limit + lockout đăng nhập.
A6: 4. GA-04 — xóa tài khoản + GA-13 — 2FA admin/supporter + GA-07 — session timeout (nhóm bảo mật tài khoản).
A7: 5. GA-12 — ToS/Privacy + consent + GA-11 — user data export (nhóm tuân thủ NĐ 13/2023).
A8: 6. P1 còn lại: GA-05 avatar → GA-06 session UI → GA-09 pagination/search → GA-10 export CSV → GA-08 notification preferences.

Sheet Conventions
A1: Conventions
A3: 1. Nguồn sự thật là bảng Master — mọi cập nhật trạng thái sửa ở đây (và sheet khi đã đồng bộ).
A4: 2. Ai cập nhật: Assignee cập nhật status + evidence task của mình; leader rà lại trước mỗi họp (1 lần/tuần).
A5: 3. Status flow: Todo → In Progress (khi có branch/commit thật) → Review (khi mở PR, điền link vào Evidence) → Done (CHỈ khi PR merged + verify xong, không tự tick) → Blocked (kẹt >1 ngày hoặc cần quyết định — ghi lý do vào Ghi chú, nêu trong họp).
A6: 4. Assignee: 1 tên duy nhất chịu trách nhiệm chính; để trống = chưa ai nhận, chốt trong họp.
A7: 5. Evidence: task Done phải có ≥1 link (PR/commit/doc) — không link = chưa hoàn thành.
A8: 6. Priority: P0 chặn release / vi phạm pháp lý → ưu tiên tuyệt đối, không trễ quá 1 sprint; P1 trong kế hoạch học kỳ; P2 làm khi rảnh, không cam kết hạn.
A9: 7. Sort: luôn giữ P0 trước rồi ID; ID cố định GA-01…GA-20, không đổi khi sắp xếp.
